{"version":2,"languages":{"bun":{"specfileHash":"32991b75897b14c8d4497db3c914be2b","lockfileHash":"932c1296cce123aa682ae00c18ba1262","guessedImports":["@replit/vite-plugin-shadcn-theme-json","tailwindcss","@tailwindcss/typography","vite","@vitejs/plugin-react","@replit/vite-plugin-runtime-error-modal","drizzle-kit","tailwindcss-animate"],"guessedImportsHash":"36ddde7162d77428665ff0a9fbe22ced"},"nodejs-npm":{"specfileHash":"db15bf6beab2c682f44d9c81da8fc12b","lockfileHash":"f41c1c1b7651179269a11bcc7c4ec2a1","guessedImports":["@replit/vite-plugin-runtime-error-modal","tailwindcss","tailwindcss-animate","@tailwindcss/typography","vite","@vitejs/plugin-react","@replit/vite-plugin-shadcn-theme-json","drizzle-kit"],"guessedImportsHash":"92ee34ff1607d6b0ddff8e2ef2e5f2c9"}}}
